[
  {
    "icon": "el-icon-setting",
    "index": "profile",
    "title": "个人中心"
  },
  {
    "icon": "el-icon-menu",
    "title": "业务查询",
    "index": "busi",
    "subs": [
      {
        "index": "waiting",
        "title": "当前业务"
      },
      {
        "index": "finished",
        "title": "办理记录"
      }
    ]
  },
  {
    "icon": "el-icon-date",
    "index": "regist",
    "title": "注册",
    "subs": [
      {
        "index": "apply",
        "title": "注册申请"
      },
      {
        "index": "upload",
        "title": "资料上传"
      },
      {
        "index": "pay",
        "title": "网上支付"
      },
      {
        "index": "approve",
        "title": "审核"
      }
    ]
  },
  {
    "icon": "el-icon-edit-outline",
    "index": "continue",
    "title": "续展"
  },
  {
    "icon": "el-icon-message",
    "index": "change",
    "title": "变更"
  },
  {
    "icon": "el-icon-circle-plus-outline",
    "index": "addNum",
    "title": "增号"
  }
]
